-- phpMyAdmin SQL Dump
-- version 5.2.1
-- https://www.phpmyadmin.net/
--
-- Host: 127.0.0.1
-- Generation Time: Dec 22, 2024 at 12:40 PM
-- Server version: 10.4.32-MariaDB
-- PHP Version: 8.0.30

SET SQL_MODE = "NO_AUTO_VALUE_ON_ZERO";
START TRANSACTION;
SET time_zone = "+00:00";


/*!40101 SET @OLD_CHARACTER_SET_CLIENT=@@CHARACTER_SET_CLIENT */;
/*!40101 SET @OLD_CHARACTER_SET_RESULTS=@@CHARACTER_SET_RESULTS */;
/*!40101 SET @OLD_COLLATION_CONNECTION=@@COLLATION_CONNECTION */;
/*!40101 SET NAMES utf8mb4 */;

--
-- Database: `sekolah`
--

-- --------------------------------------------------------

--
-- Table structure for table `admin`
--

CREATE TABLE `admin` (
  `login_id` int(11) NOT NULL,
  `username` varchar(25) NOT NULL,
  `password` varchar(255) NOT NULL
) ENGINE=InnoDB DEFAULT CHARSET=utf8mb4 COLLATE=utf8mb4_general_ci;

--
-- Dumping data for table `admin`
--

INSERT INTO `admin` (`login_id`, `username`, `password`) VALUES
(1, 'admin', '21232f297a57a5a743894a0e4a801fc3'),
(2, 'guru', '77e69c137812518e359196bb2f5e9bb9'),
(3, 'siswa', 'e10adc3949ba59abbe56e057f20f883e'),
(4, 'siswa', 'bcd724d15cde8c47650fda962968f102');

-- --------------------------------------------------------

--
-- Table structure for table `admin_akses`
--

CREATE TABLE `admin_akses` (
  `login_id` int(11) NOT NULL,
  `akses_id` varchar(10) NOT NULL
) ENGINE=InnoDB DEFAULT CHARSET=utf8mb4 COLLATE=utf8mb4_general_ci;

--
-- Dumping data for table `admin_akses`
--

INSERT INTO `admin_akses` (`login_id`, `akses_id`) VALUES
(1, 'guru'),
(1, 'siswa'),
(1, 'spp'),
(2, 'guru'),
(2, 'siswa'),
(4, 'spp');

-- --------------------------------------------------------

--
-- Table structure for table `guru`
--

CREATE TABLE `guru` (
  `id` int(11) NOT NULL,
  `nama` varchar(100) NOT NULL,
  `mata_pelajaran` varchar(100) NOT NULL,
  `email` varchar(100) NOT NULL
) ENGINE=InnoDB DEFAULT CHARSET=utf8mb4 COLLATE=utf8mb4_general_ci;

--
-- Dumping data for table `guru`
--

INSERT INTO `guru` (`id`, `nama`, `mata_pelajaran`, `email`) VALUES
(2, 'ilham', 'ips', 'ilhams@gmail.com'),
(3, 'rijal', 'ipa', 'rijalhasan@gmail.com');

-- --------------------------------------------------------

--
-- Table structure for table `master_akses`
--

CREATE TABLE `master_akses` (
  `akses_id` varchar(10) NOT NULL,
  `nama` varchar(25) NOT NULL
) ENGINE=InnoDB DEFAULT CHARSET=utf8mb4 COLLATE=utf8mb4_general_ci;

--
-- Dumping data for table `master_akses`
--

INSERT INTO `master_akses` (`akses_id`, `nama`) VALUES
('guru', 'Guru'),
('siswa', 'Ini untuk halaman siswa'),
('spp', 'halaman spp');

-- --------------------------------------------------------

--
-- Table structure for table `siswa`
--

CREATE TABLE `siswa` (
  `id` int(11) NOT NULL,
  `nama` varchar(100) NOT NULL,
  `umur` int(3) NOT NULL,
  `kelas` varchar(10) NOT NULL
) ENGINE=InnoDB DEFAULT CHARSET=utf8mb4 COLLATE=utf8mb4_general_ci;

--
-- Dumping data for table `siswa`
--

INSERT INTO `siswa` (`id`, `nama`, `umur`, `kelas`) VALUES
(1, 'ahmad ilham', 17, '12b');

-- --------------------------------------------------------

--
-- Table structure for table `spp`
--

CREATE TABLE `spp` (
  `id` int(11) NOT NULL,
  `nama_siswa` varchar(100) NOT NULL,
  `kelas` varchar(50) NOT NULL,
  `bulan` varchar(20) NOT NULL,
  `nominal` int(11) NOT NULL,
  `tanggal_bayar` date DEFAULT NULL,
  `status` enum('Lunas','Belum Lunas') NOT NULL
) ENGINE=InnoDB DEFAULT CHARSET=utf8mb4 COLLATE=utf8mb4_general_ci;

--
-- Indexes for dumped tables
--

--
-- Indexes for table `admin`
--
ALTER TABLE `admin`
  ADD PRIMARY KEY (`login_id`);

--
-- Indexes for table `admin_akses`
--
ALTER TABLE `admin_akses`
  ADD KEY `akses_id` (`akses_id`),
  ADD KEY `login_id` (`login_id`);

--
-- Indexes for table `guru`
--
ALTER TABLE `guru`
  ADD PRIMARY KEY (`id`);

--
-- Indexes for table `master_akses`
--
ALTER TABLE `master_akses`
  ADD PRIMARY KEY (`akses_id`);

--
-- Indexes for table `siswa`
--
ALTER TABLE `siswa`
  ADD PRIMARY KEY (`id`);

--
-- Indexes for table `spp`
--
ALTER TABLE `spp`
  ADD PRIMARY KEY (`id`);

--
-- AUTO_INCREMENT for dumped tables
--

--
-- AUTO_INCREMENT for table `admin`
--
ALTER TABLE `admin`
  MODIFY `login_id` int(11) NOT NULL AUTO_INCREMENT, AUTO_INCREMENT=5;

--
-- AUTO_INCREMENT for table `guru`
--
ALTER TABLE `guru`
  MODIFY `id` int(11) NOT NULL AUTO_INCREMENT, AUTO_INCREMENT=4;

--
-- AUTO_INCREMENT for table `siswa`
--
ALTER TABLE `siswa`
  MODIFY `id` int(11) NOT NULL AUTO_INCREMENT, AUTO_INCREMENT=2;

--
-- AUTO_INCREMENT for table `spp`
--
ALTER TABLE `spp`
  MODIFY `id` int(11) NOT NULL AUTO_INCREMENT, AUTO_INCREMENT=4;

--
-- Constraints for dumped tables
--

--
-- Constraints for table `admin_akses`
--
ALTER TABLE `admin_akses`
  ADD CONSTRAINT `admin_akses_ibfk_1` FOREIGN KEY (`akses_id`) REFERENCES `master_akses` (`akses_id`),
  ADD CONSTRAINT `admin_akses_ibfk_2` FOREIGN KEY (`login_id`) REFERENCES `admin` (`login_id`);
COMMIT;

/*!40101 SET CHARACTER_SET_CLIENT=@OLD_CHARACTER_SET_CLIENT */;
/*!40101 SET CHARACTER_SET_RESULTS=@OLD_CHARACTER_SET_RESULTS */;
/*!40101 SET COLLATION_CONNECTION=@OLD_COLLATION_CONNECTION */;
